Qubit,T1 (us),T2 (us),Readout assignment error,Prob meas0 prep1,Prob meas1 prep0,Readout length (ns),ID error,Single-qubit gate length (ns),RX error,Z-axis rotation (rz) error,âˆšx (sx) error,Pauli-X error,Gate length (ns),CZ error,RZZ error,MEASURE error,Operational
0,51.26090562,44.17282413,0.01184082,0.022216797,0.001464844,1560,0.001217513,24,0.001217513,0,0.001217513,0.001217513,0.088888889,01:00.0,01:00.0,0.01184082,Yes
1,195.0899496,225.848308,0.019897461,0.024658203,0.015136719,1560,0.000278757,24,0.000278757,0,0.000278757,0.000278757,2:68;0:68,2:0.001856177707145884;0:0.006462216021433709,2:0.0020258088877946057;0:0.006977377349868863,0.019897461,Yes
2,184.4027523,139.7718908,0.006347656,0.004150391,0.008544922,1560,0.000166916,24,0.000166916,0,0.000166916,0.000166916,1:68;3:68,1:0.001856177707145884;3:0.0018930092921903285,1:0.0020258088877946057;3:0.0020065114327468547,0.006347656,Yes
3,204.2978237,199.0049622,0.025390625,0.021972656,0.028808594,1560,0.000194646,24,0.000194646,0,0.000194646,0.000194646,16:68;2:68;4:68,16:0.0037015562068650476;2:0.0018930092921903285;4:0.001810904897047827,16:0.003014545754156245;2:0.0020065114327468547;4:0.0024430408089358147,0.025390625,Yes
4,178.8150991,102.7111401,0.003295898,0.005126953,0.001464844,1560,0.000204519,24,0.000204519,0,0.000204519,0.000204519,3:68;5:68,3:0.001810904897047827;5:0.0024230073035045874,3:0.0024430408089358147;5:0.0023311687239105094,0.003295898,Yes
5,146.7707984,137.9348414,0.006225586,0.008300781,0.004150391,1560,0.000215215,24,0.000215215,0,0.000215215,0.000215215,6:68;4:68,6:0.009535462817433643;4:0.0024230073035045874,6:0.0083479812649776;4:0.0023311687239105094,0.006225586,Yes
6,108.1310629,101.0057657,0.005737305,0.006103516,0.005371094,1560,0.000252554,24,0.000252554,0,0.000252554,0.000252554,5:68;7:68,5:0.009535462817433643;7:0.0026315520593711006,5:0.0083479812649776;7:0.002687139515269138,0.005737305,Yes
7,130.1351376,40.87406203,0.028198242,0.038085938,0.018310547,1560,0.000459277,24,0.000459277,0,0.000459277,0.000459277,17:68;6:68;8:68,17:0.0026111664253522515;6:0.0026315520593711006;8:0.002670775304932843,17:0.002979413776563661;6:0.002687139515269138;8:0.002535267160239718,0.028198242,Yes
8,144.5928505,52.05127517,0.006958008,0.009277344,0.004638672,1560,0.00035009,24,0.00035009,0,0.00035009,0.00035009,9:68;7:68,9:0.001735405063570561;7:0.002670775304932843,9:0.0020251174024519536;7:0.002535267160239718,0.006958008,Yes
9,145.6128458,29.05867111,0.009399414,0.010253906,0.008544922,1560,0.000254916,24,0.000254916,0,0.000254916,0.000254916,8:68;10:68,8:0.001735405063570561;10:0.0020437322291233795,8:0.0020251174024519536;10:0.0020172846491290086,0.009399414,Yes
10,76.24746848,72.85937738,0.005859375,0.008789063,0.004638672,1560,0.000206815,24,0.000206815,0,0.000206815,0.000206815,9:68;11:68,9:0.0020437322291233795;11:0.005836529865323931,9:0.0020172846491290086;11:0.013952918133776332,0.005859375,Yes
11,83.6786667,56.83000198,0.017211914,0.014892578,0.01953125,1560,0.00076065,24,0.00076065,0,0.00076065,0.00076065,18:68;10:68;12:68,18:0.014876018093088111;10:0.005836529865323931;12:0.004676444838941141,18:0.016116377165761586;10:0.013952918133776332;12:0.010562176990931926,0.017211914,Yes
12,80.04351851,74.08373817,0.024780273,0.028320313,0.021240234,1560,0.000359791,24,0.000359791,0,0.000359791,0.000359791,13:68;11:68,13:0.0032785071914042674;11:0.004676444838941141,13:0.0018928073256858913;11:0.010562176990931926,0.024780273,Yes
13,222.2774864,190.3521589,0.015380859,0.021728516,0.009033203,1560,0.000200396,24,0.000200396,0,0.000200396,0.000200396,12:68;14:68,12:0.0032785071914042674;14:0.002566715044444362,12:0.0018928073256858913;14:0.0017645288370042034,0.015380859,Yes
14,119.9519837,66.7390114,0.01184082,0.010742188,0.012939453,1560,0.000359812,24,0.000359812,0,0.000359812,0.000359812,15:68;13:68,15:0.0016261381746400239;13:0.002566715044444362,15:0.0018708785277379847;13:0.0017645288370042034,0.01184082,Yes
15,182.9579172,135.1303249,0.017944336,0.023193359,0.012695313,1560,0.000167468,24,0.000167468,0,0.000167468,0.000167468,14:68;19:68,14:0.0016261381746400239;19:0.0024572722109742207,14:0.0018708785277379847;19:0.002299834000645651,0.017944336,Yes
16,51.38240275,67.73000223,0.009765625,0.018310547,0.001220703,1560,0.000467774,24,0.000467774,0,0.000467774,0.000467774,23:68;3:68,23:0.002829295394578296;3:0.0037015562068650476,23:0.0021806831725451614;3:0.003014545754156245,0.009765625,Yes
17,138.3895572,98.92682046,0.005371094,0.006835938,0.00390625,1560,0.000225868,24,0.000225868,0,0.000225868,0.000225868,7:68;27:68,7:0.0026111664253522515;27:0.029762211692577117,7:0.002979413776563661;27:0.03132344361553149,0.005371094,Yes
18,137.2628397,57.04420341,0.006347656,0.007324219,0.005371094,1560,0.000337832,24,0.000337832,0,0.000337832,0.000337832,11:68;31:68,11:0.014876018093088111;31:0.0035831570204043206,11:0.016116377165761586;31:0.00397368407912696,0.006347656,Yes
19,114.3322125,79.78192295,0.008422852,0.008789063,0.008056641,1560,0.000261602,24,0.000261602,0,0.000261602,0.000261602,35:68;15:68,35:0.0017682040013378975;15:0.0024572722109742207,35:0.0017571537419238947;15:0.002299834000645651,0.008422852,Yes
20,134.5106643,172.5943859,0.009155273,0.010986328,0.007324219,1560,0.000382883,24,0.000382883,0,0.000382883,0.000382883,0.922222222,21:00.0,21:00.0,0.009155273,Yes
21,99.30365717,95.9273199,0.005981445,0.009521484,0.002441406,1560,0.000406466,24,0.000406466,0,0.000406466,0.000406466,36:68;20:68;22:68,36:0.006271286015919364;20:0.011469687891537045;22:0.005957713935960174,36:0.005224402541067097;20:0.011545120683922716;22:0.005338412804392734,0.005981445,Yes
22,160.7509333,142.164707,0.005126953,0.007568359,0.002685547,1560,0.00091378,24,0.00091378,0,0.00091378,0.00091378,23:68;21:68,23:0.006096863307994194;21:0.005957713935960174,23:0.005319197438505452;21:0.005338412804392734,0.005126953,Yes
23,178.6495719,155.0090096,0.004272461,0.006835938,0.001708984,1560,0.000122303,24,0.000122303,0,0.000122303,0.000122303,22:68;24:68;16:68,22:0.006096863307994194;24:0.0037692965106247978;16:0.002829295394578296,22:0.005319197438505452;24:0.00305606020388946;16:0.0021806831725451614,0.004272461,Yes
24,80.77841644,90.85302119,0.007446289,0.010009766,0.004882813,1560,0.000589258,24,0.000589258,0,0.000589258,0.000589258,23:68;25:68,23:0.0037692965106247978;25:0.019833685722311117,23:0.00305606020388946;25:0.016798203697257263,0.007446289,Yes
25,111.4872509,87.46422968,0.00793457,0.008544922,0.007324219,1560,0.000264764,24,0.000264764,0,0.000264764,0.000264764,24:68;26:68;37:68,24:0.019833685722311117;26:0.0023864626712779835;37:0.0016352006156602206,24:0.016798203697257263;26:0.0018929802208737245;37:0.0015366717585121037,0.00793457,Yes
26,116.874699,83.16768511,0.005737305,0.006347656,0.005126953,1560,0.000225594,24,0.000225594,0,0.000225594,0.000225594,25:68;27:68,25:0.0023864626712779835;27:0.023287835611016328,25:0.0018929802208737245;27:0.03258933445617446,0.005737305,Yes
27,101.866986,111.127028,0.01184082,0.019042969,0.002685547,1560,0.004417125,24,0.004417125,0,0.004417125,0.004417125,26:68;28:68;17:68,26:0.023287835611016328;17:0.029762211692577117,26:0.03258933445617446;28:0.06343663990927914;17:0.03132344361553149,0.01184082,Yes
28,169.7028145,133.1825806,0.006347656,0.008300781,0.004394531,1560,0.000231087,24,0.000231087,0,0.000231087,0.000231087,27:68;29:68,29:00.0,27:0.06343663990927914;29:0.002704794324207338,0.006347656,Yes
29,78.42546358,42.65600467,0.011962891,0.016601563,0.007324219,1560,0.000174702,24,0.000174702,0,0.000174702,0.000174702,38:68;28:68;30:68,38:0.0020157756568810192;28:0.0038259232686851663;30:0.0021258724538555096,38:0.002432860052431568;28:0.002704794324207338;30:0.0021692948886132823,0.011962891,Yes
30,104.7428752,96.35902887,0.006958008,0.007080078,0.006835938,1560,0.000220145,24,0.000220145,0,0.000220145,0.000220145,31:68;29:68,31:0.003268749459586051;29:0.0021258724538555096,31:0.003171748435405908;29:0.0021692948886132823,0.006958008,Yes
31,49.43429596,40.99570992,0.01940918,0.025878906,0.012939453,1560,0.000500624,24,0.000500624,0,0.000500624,0.000500624,30:68;32:68;18:68,30:0.003268749459586051;32:0.028970407082163918;18:0.0035831570204043206,30:0.003171748435405908;32:0.008009177138157603;18:0.00397368407912696,0.01940918,Yes
32,115.9980552,116.9434713,0.03112793,0.032226563,0.030029297,1560,0.000290045,24,0.000290045,0,0.000290045,0.000290045,31:68;33:68,31:00.0,31:00.0,0.03112793,Yes
33,109.3630604,133.6827218,0.016235352,0.021240234,0.011230469,1560,0.000191451,24,0.000191451,0,0.000191451,0.000191451,39:68;32:68;34:68,39:0.0019493405544732667;34:0.002218753577180682,39:0.0019521427782045742;34:0.002120296519061371,0.016235352,Yes
34,116.5450739,71.15277849,0.014282227,0.017089844,0.011474609,1560,0.000303305,24,0.000303305,0,0.000303305,0.000303305,33:68;35:68,33:0.002218753577180682;35:0.0018472917794627175,33:0.002120296519061371;35:0.002043180472941719,0.014282227,Yes
35,149.7597461,44.12308087,0.038208008,0.068359375,0.008056641,1560,0.000271542,24,0.000271542,0,0.000271542,0.000271542,19:68;34:68,19:0.0017682040013378975;34:0.0018472917794627175,19:0.0017571537419238947;34:0.002043180472941719,0.038208008,Yes
36,170.5539056,131.8566947,0.006591797,0.006835938,0.006347656,1560,0.000452012,24,0.000452012,0,0.000452012,0.000452012,41:68;21:68,41:0.003117205722593497;21:0.006271286015919364,41:0.002578529888340342;21:0.005224402541067097,0.006591797,Yes
37,137.2044132,150.4166085,0.009521484,0.011230469,0.0078125,1560,0.000211022,24,0.000211022,0,0.000211022,0.000211022,45:68;25:68,45:0.0019675134009410067;25:0.0016352006156602206,45:0.001865733603789943;25:0.0015366717585121037,0.009521484,Yes
38,103.1402812,124.8720807,0.00793457,0.009765625,0.006103516,1560,0.000337349,24,0.000337349,0,0.000337349,0.000337349,29:68;49:68,29:0.0020157756568810192;49:0.003107233044334551,29:0.002432860052431568;49:0.002618334694196922,0.00793457,Yes
39,59.15941884,72.71054367,0.015625,0.01953125,0.01171875,1560,0.000354206,24,0.000354206,0,0.000354206,0.000354206,53:68;33:68,53:0.0021036252914276576;33:0.0019493405544732667,53:0.002033933078748912;33:0.0019521427782045742,0.015625,Yes
40,148.5137604,169.5536326,0.019287109,0.018554688,0.020019531,1560,0.000243739,24,0.000243739,0,0.000243739,0.000243739,41:68,41:00.0,41:00.0,0.019287109,Yes
41,176.2380693,123.5667291,0.059692383,0.079833984,0.039550781,1560,0.00023536,24,0.00023536,0,0.00023536,0.00023536,40:68;42:68;36:68,40:0.0016796392844562469;42:0.00287746872200742;36:0.003117205722593497,40:0.001593286356035395;42:0.00290727374677191;36:0.002578529888340342,0.059692383,Yes
42,141.6227712,40.26397408,0.013671875,0.010986328,0.016357422,1560,0.000250033,24,0.000250033,0,0.000250033,0.000250033,41:68;43:68,41:0.00287746872200742;43:0.0057395329581704235,41:0.00290727374677191;43:0.0072005987211757605,0.013671875,Yes
43,149.7196561,86.2824229,0.10144043,0.090576172,0.112304688,1560,0.001001715,24,0.001001715,0,0.001001715,0.001001715,42:68;56:68;44:68,42:0.0057395329581704235;56:0.004949000146164478;44:0.023558356935122565,42:0.0072005987211757605;56:0.005817310369008816;44:0.030458884491840865,0.10144043,Yes
44,159.3088079,149.4882365,0.006958008,0.008300781,0.003417969,1560,0.000468577,24,0.000468577,0,0.000468577,0.000468577,45:68;43:68,45:0.0024261544898706855;43:0.023558356935122565,45:0.0022185795313596768;43:0.030458884491840865,0.006958008,Yes
45,119.1037841,130.9866103,0.050292969,0.044433594,0.056152344,1560,0.000189709,24,0.000189709,0,0.000189709,0.000189709,44:68;46:68;37:68,44:0.0024261544898706855;46:0.003075408887807607;37:0.0019675134009410067,44:0.0022185795313596768;46:0.002903204457442743;37:0.001865733603789943,0.050292969,Yes
46,141.5684265,12.79498123,0.005004883,0.006835938,0.003173828,1560,0.000339538,24,0.000339538,0,0.000339538,0.000339538,45:68;47:68,45:0.003075408887807607;47:0.002493294806595381,45:0.002903204457442743;47:0.0023163667827966195,0.005004883,Yes
47,76.73984112,48.27743454,0.026367188,0.026367188,0.026367188,1560,0.000288076,24,0.000288076,0,0.000288076,0.000288076,48:68;57:68;46:68,48:0.0019514270726603278;57:0.002530762863791225;46:0.002493294806595381,48:0.0015601554954152719;57:0.0022798900762716623;46:0.0023163667827966195,0.026367188,Yes
48,132.5766216,36.72950049,0.005493164,0.009033203,0.001953125,1560,0.000240492,24,0.000240492,0,0.000240492,0.000240492,47:68;49:68,47:0.0019514270726603278;49:0.0026565889936757126,47:0.0015601554954152719;49:0.0024514629776298535,0.005493164,Yes
49,51.33804326,26.30156683,0.022705078,0.026611328,0.018798828,1560,0.000418582,24,0.000418582,0,0.000418582,0.000418582,48:68;50:68;38:68,48:0.0026565889936757126;50:0.002924334787429983;38:0.003107233044334551,48:0.0024514629776298535;50:0.0027520041726453726;38:0.002618334694196922,0.022705078,Yes
50,133.6298615,114.0656621,0.004394531,0.004394531,0.004394531,1560,0.000288482,24,0.000288482,0,0.000288482,0.000288482,49:68;51:68,49:0.002924334787429983;51:0.0028779235729684827,49:0.0027520041726453726;51:0.0023744094324885112,0.004394531,Yes
51,68.03693302,74.56166918,0.036743164,0.036621094,0.036865234,1560,0.000315821,24,0.000315821,0,0.000315821,0.000315821,50:68;52:68;58:68,50:0.0028779235729684827;52:0.0016403412441781673;58:0.0034449588126100883,50:0.0023744094324885112;52:0.0019668118574213134;58:0.002912397241182141,0.036743164,Yes
52,129.1216408,29.82564094,0.014160156,0.023681641,0.004638672,1560,0.000266756,24,0.000266756,0,0.000266756,0.000266756,51:68;53:68,51:0.0016403412441781673;53:0.002461566746695759,51:0.0019668118574213134;53:0.002417341758023328,0.014160156,Yes
53,104.4177055,14.71214167,0.052124023,0.052978516,0.051269531,1560,0.000141917,24,0.000141917,0,0.000141917,0.000141917,39:68;52:68;54:68,39:0.0021036252914276576;52:0.002461566746695759;54:0.004675754495944373,39:0.002033933078748912;52:0.002417341758023328;54:0.0037340957865139024,0.052124023,Yes
54,116.4769346,147.9536119,0.008300781,0.008544922,0.008056641,1560,0.000766366,24,0.000766366,0,0.000766366,0.000766366,53:68;55:68,53:0.004675754495944373;55:0.002730915416867208,53:0.0037340957865139024;55:0.002320168525956484,0.008300781,Yes
55,96.34575505,109.6293775,0.061523438,0.099609375,0.0234375,1560,0.000668932,24,0.000668932,0,0.000668932,0.000668932,59:68;54:68,59:0.0030858879533948724;54:0.002730915416867208,59:0.0021283861587940434;54:0.002320168525956484,0.061523438,Yes
56,174.0109801,193.6003726,0.008666992,0.011962891,0.005371094,1560,0.000292151,24,0.000292151,0,0.000292151,0.000292151,63:68;43:68,63:0.004861338213631522;43:0.004949000146164478,63:0.00571987544685712;43:0.005817310369008816,0.008666992,Yes
57,81.08953109,53.55623393,0.007324219,0.012451172,0.002197266,1560,0.000233979,24,0.000233979,0,0.000233979,0.000233979,47:68;67:68,47:0.002530762863791225;67:0.005880970578607869,47:0.0022798900762716623;67:0.004716807415109159,0.007324219,Yes
58,69.53208133,93.50833793,0.008178711,0.012451172,0.00390625,1560,0.000415168,24,0.000415168,0,0.000415168,0.000415168,71:68;51:68,71:0.002567404712125243;51:0.0034449588126100883,71:0.0023779373885768618;51:0.002912397241182141,0.008178711,Yes
59,150.9478476,77.26193409,0.008911133,0.010009766,0.0078125,1560,0.000414921,24,0.000414921,0,0.000414921,0.000414921,55:68;75:68,55:0.0030858879533948724;75:0.0028720229169467704,55:0.0021283861587940434;75:0.002546316932020204,0.008911133,Yes
60,214.6145301,24.62229826,0.031005859,0.036865234,0.025146484,1560,0.000274506,24,0.000274506,0,0.000274506,0.000274506,61:68,01:00.0,01:00.0,0.031005859,Yes
61,204.6533677,99.27047897,0.041503906,0.083007813,0.038818359,1560,0.00021916,24,0.00021916,0,0.00021916,0.00021916,76:68;60:68;62:68,76:0.002770847681736466;60:0.0023386134505544165;62:0.002714980552858154,76:0.0019679188329294883;60:0.0017941550233936676;62:0.002512104475020205,0.041503906,Yes
62,109.8753878,40.3969255,0.018798828,0.021728516,0.015869141,1560,0.000310973,24,0.000310973,0,0.000310973,0.000310973,61:68;63:68,61:0.002714980552858154;63:0.0075875675672589515,61:0.002512104475020205;63:0.007434155652229962,0.018798828,Yes
63,139.572324,17.32733105,0.042724609,0.041748047,0.043701172,1560,0.000724339,24,0.000724339,0,0.000724339,0.000724339,56:68;62:68;64:68,56:0.004861338213631522;62:0.0075875675672589515;64:0.06764044823762275,56:0.00571987544685712;62:0.007434155652229962;64:0.08595045415231953,0.042724609,Yes
64,168.3690024,150.3531242,0.004638672,0.0078125,0.001464844,1560,0.000423034,24,0.000423034,0,0.000423034,0.000423034,65:68;63:68,65:0.0025032558259869553;63:0.06764044823762275,65:0.0024560858279779607;63:0.08595045415231953,0.004638672,Yes
65,57.77459172,48.18418347,0.086425781,0.081054688,0.091796875,1560,0.000321388,24,0.000321388,0,0.000321388,0.000321388,64:68;66:68;77:68,64:0.0025032558259869553;66:0.002420241656926586;77:0.0043992082285137235,64:0.0024560858279779607;66:0.0021673011348372906;77:0.004216829394126653,0.086425781,Yes
66,110.6204253,17.49540892,0.008911133,0.010253906,0.007568359,1560,0.000225867,24,0.000225867,0,0.000225867,0.000225867,65:68;67:68,65:0.002420241656926586;67:0.0033156630053188807,65:0.0021673011348372906;67:0.0032786323981887078,0.008911133,Yes
67,125.1583946,54.19684398,0.057006836,0.061279297,0.052734375,1560,0.000399752,24,0.000399752,0,0.000399752,0.000399752,68:68;57:68;66:68,68:0.0027860265560887276;57:0.005880970578607869;66:0.0033156630053188807,68:0.0029771424184735495;57:0.004716807415109159;66:0.0032786323981887078,0.057006836,Yes
68,123.1656902,110.2623759,0.005004883,0.006591797,0.003417969,1560,0.00020868,24,0.00020868,0,0.00020868,0.00020868,67:68;69:68,67:0.0027860265560887276;69:0.002875534813504499,67:0.0029771424184735495;69:0.00458034791038453,0.005004883,Yes
69,151.6782778,77.00230708,0.006103516,0.009765625,0.002441406,1560,0.000395531,24,0.000395531,0,0.000395531,0.000395531,78:68;68:68;70:68,78:0.0022853756476695353;68:0.002875534813504499;70:0.005342908994772078,78:0.0019125301728648292;68:0.00458034791038453;70:0.002854156170682548,0.006103516,Yes
70,101.9754813,76.51218105,0.003173828,0.005859375,0.000488281,1560,0.000373653,24,0.000373653,0,0.000373653,0.000373653,69:68;71:68,69:0.005342908994772078;71:0.003060247073157246,69:0.002854156170682548;71:0.002202312368301179,0.003173828,Yes
71,123.263294,108.7125708,0.006347656,0.010009766,0.002685547,1560,0.000238389,24,0.000238389,0,0.000238389,0.000238389,72:68;58:68;70:68,72:0.20263139049039036;58:0.002567404712125243;70:0.003060247073157246,72:0.23415129251624078;58:0.0023779373885768618;70:0.002202312368301179,0.006347656,Yes
72,8.837965663,99.15649887,0.50012207,0.197265625,0.802978516,1560,,24,,0,,,73:68;71:68,11:00.2,73:0.1130916008884824;71:0.23415129251624078,0.50012207,Yes
73,137.3785762,62.77988999,0.01574707,0.020019531,0.011474609,1560,0.000565386,24,0.000565386,0,0.000565386,0.000565386,72:68;74:68;79:68,74:0.0026676025193670683;79:0.0023166504992846726,72:0.1130916008884824;74:0.0020133253018377317;79:0.0023517068575824307,0.01574707,Yes
74,123.193138,123.0054096,0.007202148,0.008544922,0.005859375,1560,0.000359319,24,0.000359319,0,0.000359319,0.000359319,73:68;75:68,73:0.0026676025193670683;75:0.002720137799857192,73:0.0020133253018377317;75:0.0023364612414753794,0.007202148,Yes
75,148.1066269,144.0282244,0.00769043,0.010009766,0.005371094,1560,0.000368636,24,0.000368636,0,0.000368636,0.000368636,59:68;74:68,59:0.0028720229169467704;74:0.002720137799857192,59:0.002546316932020204;74:0.0023364612414753794,0.00769043,Yes
76,161.2412122,92.96252535,0.034912109,0.034667969,0.03515625,1560,0.000285354,24,0.000285354,0,0.000285354,0.000285354,81:68;61:68,81:0.0016141905052604322;61:0.002770847681736466,81:0.0016877229314595232;61:0.0019679188329294883,0.034912109,Yes
77,89.91226694,41.05756236,0.01171875,0.014892578,0.008544922,1560,0.000317219,24,0.000317219,0,0.000317219,0.000317219,85:68;65:68,85:0.003256027074343082;65:0.0043992082285137235,85:0.0034127957007173693;65:0.004216829394126653,0.01171875,Yes
78,116.347522,95.43147527,0.015380859,0.017089844,0.013916016,1560,0.000277581,24,0.000277581,0,0.000277581,0.000277581,69:68;89:68,69:0.0022853756476695353;89:0.0030547283120454793,69:0.0019125301728648292;89:0.0023802806333464988,0.015380859,Yes
79,147.3009873,51.77897159,0.009033203,0.014160156,0.00390625,1560,0.000174217,24,0.000174217,0,0.000174217,0.000174217,93:68;73:68,93:0.005397331497411256;73:0.0023166504992846726,93:0.003945767647181103;73:0.0023517068575824307,0.009033203,Yes
80,162.7732035,145.5076275,0.005859375,0.010009766,0.001708984,1560,0.0001992,24,0.0001992,0,0.0001992,0.0001992,81:68,21:00.0,21:00.0,0.005859375,Yes
81,160.597706,21.76973371,0.018676758,0.022216797,0.015136719,1560,0.00015615,24,0.00015615,0,0.00015615,0.00015615,80:68;82:68;76:68,80:0.0016073295207179317;82:0.0022056615698919924;76:0.0016141905052604322,80:0.003077513980119989;82:0.006457855619045966;76:0.0016877229314595232,0.018676758,Yes
82,105.759169,34.15577243,0.004638672,0.008300781,0.000976563,1560,0.000317733,24,0.000317733,0,0.000317733,0.000317733,81:68;83:68,81:0.0022056615698919924;83:0.0024062438201797043,81:0.006457855619045966;83:0.00777300546739873,0.004638672,Yes
83,211.1838652,218.9723109,0.085571289,0.088867188,0.082275391,1560,0.000175018,24,0.000175018,0,0.000175018,0.000175018,96:68;82:68;84:68,96:0.002229054276869813;82:0.0024062438201797043;84:0.002626059815893589,96:0.002155389762533544;82:0.00777300546739873;84:0.0026526973797196263,0.085571289,Yes
84,120.0377707,90.2054661,0.00402832,0.007080078,0.000976563,1560,0.000245708,24,0.000245708,0,0.000245708,0.000245708,83:68;85:68,83:0.002626059815893589;85:0.0022435512144235448,83:0.0026526973797196263;85:0.002223493802373716,0.00402832,Yes
85,103.4671103,30.69247806,0.009155273,0.011962891,0.006347656,1560,0.000311909,24,0.000311909,0,0.000311909,0.000311909,77:68;86:68;84:68,77:0.003256027074343082;86:0.0030196020542561097;84:0.0022435512144235448,77:0.0034127957007173693;86:0.00237191474372786;84:0.002223493802373716,0.009155273,Yes
86,97.99858007,70.76489269,0.007202148,0.0078125,0.006591797,1560,0.000242561,24,0.000242561,0,0.000242561,0.000242561,85:68;87:68,85:0.0030196020542561097;87:0.002188156721051715,85:0.00237191474372786;87:0.0014679757456357578,0.007202148,Yes
87,141.2311405,212.573168,0.046508789,0.062011719,0.031005859,1560,0.000219792,24,0.000219792,0,0.000219792,0.000219792,86:68;88:68;97:68,86:0.002188156721051715;88:0.003237189486011288;97:0.002886973905675494,86:0.0014679757456357578;88:0.0025594991194229366;97:0.0026100533507181223,0.046508789,Yes
88,68.43950917,98.72488299,0.008178711,0.012695313,0.003662109,1560,0.000491703,24,0.000491703,0,0.000491703,0.000491703,87:68;89:68,87:0.003237189486011288;89:0.0033130995678863073,87:0.0025594991194229366;89:0.003124511981010686,0.008178711,Yes
89,128.6105291,82.50489882,0.015625,0.017089844,0.014160156,1560,0.000159743,24,0.000159743,0,0.000159743,0.000159743,90:68;88:68;78:68,90:0.0034574227109393507;88:0.0033130995678863073;78:0.0030547283120454793,90:0.0030106017923069717;88:0.003124511981010686;78:0.0023802806333464988,0.015625,Yes
90,104.2375387,108.8474468,0.005493164,0.007080078,0.00390625,1560,0.000326968,24,0.000326968,0,0.000326968,0.000326968,89:68;91:68,89:0.0034574227109393507;91:0.0040277202758493,89:0.0030106017923069717;91:0.0032804849104698663,0.005493164,Yes
91,148.9309653,20.12487628,0.022094727,0.027832031,0.016357422,1560,0.000343708,24,0.000343708,0,0.000343708,0.000343708,98:68;90:68;92:68,98:0.002298885788589694;90:0.0040277202758493;92:0.002652748350099793,98:0.001979122219600782;90:0.0032804849104698663;92:0.00257888390605282,0.022094727,Yes
92,84.46263522,136.035544,0.007446289,0.012207031,0.002685547,1560,0.00031663,24,0.00031663,0,0.00031663,0.00031663,91:68;93:68,91:0.002652748350099793;93:0.0021770075348067353,91:0.00257888390605282;93:0.0022798201441775467,0.007446289,Yes
93,177.3231325,163.0834699,0.024658203,0.031738281,0.017578125,1560,0.000269588,24,0.000269588,0,0.000269588,0.000269588,94:68;79:68;92:68,94:0.003059052175203747;79:0.005397331497411256;92:0.0021770075348067353,94:0.003021075647780813;79:0.003945767647181103;92:0.0022798201441775467,0.024658203,Yes
94,109.9156367,45.99034625,0.009887695,0.007080078,0.012695313,1560,0.000309011,24,0.000309011,0,0.000309011,0.000309011,93:68;95:68,93:0.003059052175203747;95:0.002415425466467891,93:0.003021075647780813;95:0.002361239199946047,0.009887695,Yes
95,146.4332989,168.5816499,0.005615234,0.016601563,0.003417969,1560,0.000157604,24,0.000157604,0,0.000157604,0.000157604,99:68;94:68,99:0.002423978037104507;94:0.002415425466467891,34:00.0,0.005615234,Yes
96,90.91352945,105.9495308,0.003662109,0.005615234,0.001708984,1560,0.000252659,24,0.000252659,0,0.000252659,0.000252659,83:68;103:68,83:0.002229054276869813;103:0.002885043906654894,83:0.002155389762533544;103:0.002275081258541145,0.003662109,Yes
97,80.00449822,113.3877877,0.005493164,0.007324219,0.003662109,1560,0.000571184,24,0.000571184,0,0.000571184,0.000571184,87:68;107:68,87:0.002886973905675494;107:0.0019187286911348245,87:0.0026100533507181223;107:0.0020538742231268337,0.005493164,Yes
98,153.431017,18.73251778,0.008666992,0.010009766,0.007324219,1560,0.000241026,24,0.000241026,0,0.000241026,0.000241026,91:68;111:68,91:0.002298885788589694;111:0.0029454482220419576,91:0.001979122219600782;111:0.0026695617535955896,0.008666992,Yes
99,74.24540547,29.88761163,0.01171875,0.009033203,0.014404297,1560,0.000297708,24,0.000297708,0,0.000297708,0.000297708,115:68;95:68,115:0.0025573742022895196;95:0.002423978037104507,,0.01171875,Yes
100,120.6543555,31.79167772,0.01184082,0.020507813,0.003173828,1560,0.000580539,24,0.000580539,0,0.000580539,0.000580539,101:68,41:00.0,41:00.0,0.01184082,Yes
101,178.1752319,64.18376519,0.057617188,0.065917969,0.049316406,1560,0.000228815,24,0.000228815,0,0.000228815,0.000228815,100:68;116:68;102:68,100:0.0032866985748951083;116:0.0020546811775487006;102:0.0031151515258091567,100:0.0037626058444740207;116:0.0016973839273557167;102:0.0034656928803018516,0.057617188,Yes
102,162.9076073,93.70358444,0.01550293,0.027587891,0.003417969,1560,0.000438914,24,0.000438914,0,0.000438914,0.000438914,101:68;103:88,101:0.0031151515258091567;103:0.00318454675487978,101:0.0034656928803018516;103:0.0031541804251102312,0.01550293,Yes
103,63.37106163,64.59508375,0.006835938,0.010009766,0.003662109,1560,0.000224058,24,0.000224058,0,0.000224058,0.000224058,104:68;96:68;102:88,104:0.0024073012609484024;96:0.002885043906654894;102:0.00318454675487978,104:0.003051165797322175;96:0.002275081258541145;102:0.0031541804251102312,0.006835938,Yes
104,54.55038886,53.61591155,0.010131836,0.013671875,0.006591797,1560,0.000322229,24,0.000322229,0,0.000322229,0.000322229,103:68;105:68,103:0.0024073012609484024;105:0.0025926396857497147,103:0.003051165797322175;105:0.0029678492061976647,0.010131836,Yes
105,125.0379643,116.9116192,0.016967773,0.017578125,0.016357422,1560,0.000190305,24,0.000190305,0,0.000190305,0.000190305,104:68;106:68;117:68,104:0.0025926396857497147;106:0.0026997427615136904;117:0.0019065632972963542,104:0.0029678492061976647;106:0.0022987896056367585;117:0.0022315892985377284,0.016967773,Yes
106,90.95800874,95.64341684,0.00769043,0.009521484,0.005859375,1560,0.000304577,24,0.000304577,0,0.000304577,0.000304577,107:68;105:68,107:0.0020234378015530907;105:0.0026997427615136904,107:0.0037823957139541675;105:0.0022987896056367585,0.00769043,Yes
107,77.67120466,20.22330428,0.008544922,0.012451172,0.004638672,1560,0.000383029,24,0.000383029,0,0.000383029,0.000383029,106:68;108:68;97:68,106:0.0020234378015530907;108:0.001982720900296553;97:0.0019187286911348245,106:0.0037823957139541675;108:0.002638853446657541;97:0.0020538742231268337,0.008544922,Yes
108,121.9614234,122.9377462,0.006103516,0.010253906,0.001953125,1560,0.000503269,24,0.000503269,0,0.000503269,0.000503269,107:68;109:68,47:00.0,107:0.002638853446657541;109:0.005431619254409631,0.006103516,Yes
109,131.9806767,78.31912022,0.010253906,0.013427734,0.007080078,1560,0.000243018,24,0.000243018,0,0.000243018,0.000243018,108:68;110:68;118:68,,108:0.005431619254409631;110:0.0031750610583856365;118:0.001773098831573977,0.010253906,Yes
110,84.29770991,83.1004532,0.006713867,0.009277344,0.004150391,1560,0.000251861,24,0.000251861,0,0.000251861,0.000251861,109:68;111:68,51:00.0,109:0.0031750610583856365;111:0.0023692993463532708,0.006713867,Yes
111,180.8099769,115.7626353,0.012451172,0.012207031,0.012695313,1560,0.000192026,24,0.000192026,0,0.000192026,0.000192026,112:68;110:68;98:68,112:0.0024960906103569658;110:0.002294160386942218;98:0.0029454482220419576,112:0.0022824620791645767;110:0.0023692993463532708;98:0.0026695617535955896,0.012451172,Yes
112,143.1942655,117.4722856,0.008422852,0.013671875,0.008544922,1560,0.000203805,24,0.000203805,0,0.000203805,0.000203805,111:68;113:68,111:0.0024960906103569658;113:0.0025122014688622463,111:0.0022824620791645767;113:0.0023925350435230197,0.008422852,Yes
113,173.8222386,28.45957284,0.083984375,0.082275391,0.085693359,1560,0.000325286,24,0.000325286,0,0.000325286,0.000325286,119:68;112:68;114:68,119:0.0024201828508056966;112:0.0025122014688622463;114:0.0030697338981165168,119:0.0025796270447081826;112:0.0023925350435230197;114:0.0032930456283076226,0.083984375,Yes
114,149.9533054,34.25707174,0.007202148,0.011962891,0.002441406,1560,0.000297555,24,0.000297555,0,0.000297555,0.000297555,115:68;113:68,115:0.004308160607499445;113:0.0030697338981165168,115:0.002696586299488185;113:0.0032930456283076226,0.007202148,Yes
115,166.3393205,224.1724372,0.005737305,0.010009766,0.001464844,1560,0.000218635,24,0.000218635,0,0.000218635,0.000218635,99:68;114:68,99:0.0025573742022895196;114:0.004308160607499445,54:00.0,0.005737305,Yes
116,181.5684687,200.7042607,0.010375977,0.013427734,0.007324219,1560,0.000165933,24,0.000165933,0,0.000165933,0.000165933,101:68;121:68,101:0.0020546811775487006;121:0.005237801849502649,101:0.0016973839273557167;121:0.0027360458535843346,0.010375977,Yes
117,156.5102747,151.7533662,0.018554688,0.020019531,0.017089844,1560,0.000232479,24,0.000232479,0,0.000232479,0.000232479,105:68;125:68,105:0.0019065632972963542;125:0.002144874191424423,105:0.0022315892985377284;125:0.002581276699830437,0.018554688,Yes
118,163.3257912,60.17917392,0.008178711,0.009033203,0.007324219,1560,0.000274109,24,0.000274109,0,0.000274109,0.000274109,109:68;129:68,09:00.0,109:0.001773098831573977;129:0.0025768207626736817,0.008178711,Yes
119,91.33273938,124.9593511,0.024536133,0.0390625,0.010009766,1560,0.000630551,24,0.000630551,0,0.000630551,0.000630551,113:68;133:68,113:0.0024201828508056966;133:0.002470033765410745,113:0.0025796270447081826;133:0.0022862839842051896,0.024536133,Yes
120,118.8044164,138.354097,0.006835938,0.008056641,0.005615234,1560,0.000305414,24,0.000305414,0,0.000305414,0.000305414,121:68,01:00.0,01:00.0,0.006835938,Yes
121,172.4008489,149.6570487,0.014038086,0.016357422,0.01171875,1560,0.000177347,24,0.000177347,0,0.000177347,0.000177347,120:68;122:68;116:68,120:0.002080946413838186;122:0.003043713650447838;116:0.005237801849502649,120:0.001917628428143775;122:0.0027673391167433448;116:0.0027360458535843346,0.014038086,Yes
122,141.9283331,59.81813217,0.009277344,0.012451172,0.006103516,1560,0.000382685,24,0.000382685,0,0.000382685,0.000382685,121:68;123:68,121:0.003043713650447838;123:0.002705561552442365,121:0.0027673391167433448;123:0.0025464235562246695,0.009277344,Yes
123,195.079628,154.2681386,0.008422852,0.011962891,0.004882813,1560,0.000217241,24,0.000217241,0,0.000217241,0.000217241,136:68;124:68;122:68,136:0.002355681071773419;124:0.0022010218563976724;122:0.002705561552442365,136:0.002126784812540361;124:0.002485822411965488;122:0.0025464235562246695,0.008422852,Yes
124,74.51366157,88.93290372,0.006713867,0.012695313,0.000732422,1560,0.000269873,24,0.000269873,0,0.000269873,0.000269873,123:68;125:68,123:0.0022010218563976724;125:0.002374284744713906,123:0.002485822411965488;125:0.0023095128646479224,0.006713867,Yes
125,166.5930432,48.99725744,0.012329102,0.011962891,0.012695313,1560,0.000199431,24,0.000199431,0,0.000199431,0.000199431,117:68;124:68;126:68,117:0.002144874191424423;124:0.002374284744713906;126:0.005223358091668795,117:0.002581276699830437;124:0.0023095128646479224;126:0.0034046746131810857,0.012329102,Yes
126,57.87733962,50.29783556,0.006835938,0.010742188,0.002929688,1560,0.000378612,24,0.000378612,0,0.000378612,0.000378612,127:68;125:68,127:0.0024778037831756083;125:0.005223358091668795,127:0.003096420213004575;125:0.0034046746131810857,0.006835938,Yes
127,103.0578199,132.7084369,0.013061523,0.019042969,0.007080078,1560,0.000229704,24,0.000229704,0,0.000229704,0.000229704,126:68;128:68;137:68,126:0.0024778037831756083;128:0.0019379411494811483;137:0.0042810706104124685,126:0.003096420213004575;128:0.0019177812891446322;137:0.003880404416555183,0.013061523,Yes
128,34.73071447,30.53071454,0.01171875,0.017333984,0.006103516,1560,0.000235121,24,0.000235121,0,0.000235121,0.000235121,127:68;129:68,127:0.0019379411494811483;129:0.0025611034446594294,127:0.0019177812891446322;129:0.0024184169394869393,0.01171875,Yes
129,153.2545417,112.2897032,0.020019531,0.0234375,0.016357422,1560,0.000281559,24,0.000281559,0,0.000281559,0.000281559,130:68;128:68;118:68,130:0.0034207292061581296;128:0.0025611034446594294;118:0.0031252903577970448,130:0.0025739868647143838;128:0.0024184169394869393;118:0.0025768207626736817,0.020019531,Yes
130,68.17551745,96.36542163,0.005493164,0.008056641,0.002929688,1560,0.0004764,24,0.0004764,0,0.0004764,0.0004764,129:68;131:68,129:0.0034207292061581296;131:0.0030900551749408756,129:0.0025739868647143838;131:0.002081183213438864,0.005493164,Yes
131,102.823724,155.3989578,0.081176758,0.086669922,0.075683594,1560,0.000181969,24,0.000181969,0,0.000181969,0.000181969,138:68;130:68;132:68,138:0.002793747729689544;130:0.0030900551749408756;132:0.0023994793231247036,138:0.002760905166462463;130:0.002081183213438864;132:0.001326688962920125,0.081176758,Yes
132,70.89505605,101.2467585,0.00402832,0.006347656,0.001708984,1560,0.000292167,24,0.000292167,0,0.000292167,0.000292167,133:68;131:68,133:0.0028982072812681337;131:0.0023994793231247036,133:0.0020215880348543602;131:0.001326688962920125,0.00402832,Yes
133,130.6277264,41.93329566,0.01184082,0.01953125,0.004150391,1560,0.000191577,24,0.000191577,0,0.000191577,0.000191577,132:68;134:68;119:68,132:0.0028982072812681337;134:0.0023517993847367025;119:0.002470033765410745,132:0.0020215880348543602;134:0.002618495473902055;119:0.0022862839842051896,0.01184082,Yes
134,134.943407,38.54800443,0.008544922,0.012939453,0.004150391,1560,0.000421731,24,0.000421731,0,0.000421731,0.000421731,133:68;135:68,133:0.0023517993847367025;135:0.005692117362663757,133:0.002618495473902055;135:0.006305455883455491,0.008544922,Yes
135,153.6121112,194.0977735,0.055908203,0.067626953,0.044189453,1560,0.000205385,24,0.000205385,0,0.000205385,0.000205385,134:68;139:68,134:0.005692117362663757;139:0.008145937346272586,134:0.006305455883455491;139:0.0078031124625191906,0.055908203,Yes
136,100.8407251,99.88633318,0.007080078,0.013671875,0.000488281,1560,0.00023435,24,0.00023435,0,0.00023435,0.00023435,123:68;143:68,123:0.002355681071773419;143:0.0015133643304426347,123:0.002126784812540361;143:0.0018164114275081855,0.007080078,Yes
137,87.76326337,105.3236268,0.004150391,0.007080078,0.001220703,1560,0.000277762,24,0.000277762,0,0.000277762,0.000277762,147:68;127:68,147:0.002648224236636354;127:0.0042810706104124685,147:0.0025601371272694073;127:0.003880404416555183,0.004150391,Yes
138,89.87016211,123.4587256,0.009887695,0.011230469,0.008544922,1560,0.000247062,24,0.000247062,0,0.000247062,0.000247062,151:68;131:68,151:0.002311844599729357;131:0.002793747729689544,151:0.002473244811568298;131:0.002760905166462463,0.009887695,Yes
139,68.34059934,34.2148408,0.010498047,0.019042969,0.001953125,1560,0.000509079,24,0.000509079,0,0.000509079,0.000509079,155:68;135:68,155:0.0028956999735867406;135:0.008145937346272586,155:0.00283836472422766;135:0.0078031124625191906,0.010498047,Yes
140,96.00252071,150.4406422,0.024902344,0.021972656,0.027832031,1560,0.00021208,24,0.00021208,0,0.00021208,0.00021208,141:68,21:00.0,21:00.0,0.024902344,Yes
141,160.0678883,102.6053186,0.006713867,0.010253906,0.003173828,1560,0.000178467,24,0.000178467,0,0.000178467,0.000178467,140:68;142:68,140:0.0018040096317332721;142:0.0029826920339519614,140:0.0017595325717842392;142:0.002813135223290658,0.006713867,Yes
142,127.877533,142.7595113,0.003540039,0.004150391,0.002929688,1560,0.000223684,24,0.000223684,0,0.000223684,0.000223684,143:68;141:68,143:0.002578784346244506;141:0.0029826920339519614,143:0.0027556581254609414;141:0.002813135223290658,0.003540039,Yes
143,105.1805455,122.1951594,0.006835938,0.010253906,0.003417969,1560,0.00019183,24,0.00019183,0,0.00019183,0.00019183,142:68;144:68;136:68,142:0.002578784346244506;144:0.0028796935560663206;136:0.0015133643304426347,142:0.0027556581254609414;144:0.003046739136989718;136:0.0018164114275081855,0.006835938,Yes
144,90.82615945,127.5510635,0.005004883,0.008300781,0.001708984,1560,0.000375344,24,0.000375344,0,0.000375344,0.000375344,145:68;143:68,145:0.0025745014228557295;143:0.0028796935560663206,145:0.0020385508512315575;143:0.003046739136989718,0.005004883,Yes
145,186.9697507,150.8963689,0.01550293,0.018554688,0.012451172,1560,0.000166025,24,0.000166025,0,0.000166025,0.000166025,144:68;146:68,144:0.0025745014228557295;146:0.0026271300047779333,144:0.0020385508512315575;146:0.0021627938039330274,0.01550293,Yes
146,110.1868855,13.64189655,0.004272461,0.008789063,0.001708984,1560,0.000177213,24,0.000177213,0,0.000177213,0.000177213,145:68;147:88,145:0.0026271300047779333;147:0.002599380660995132,145:0.0021627938039330274;147:0.002331534789991291,0.004272461,Yes
147,111.9714172,114.1992104,0.006225586,0.008544922,0.00390625,1560,0.000212499,24,0.000212499,0,0.000212499,0.000212499,148:68;137:68;146:88,148:0.003373461193455607;137:0.002648224236636354;146:0.002599380660995132,148:0.0028661603556866533;137:0.0025601371272694073;146:0.002331534789991291,0.006225586,Yes
148,97.35406109,118.9336749,0.005249023,0.010009766,0.000488281,1560,0.000412335,24,0.000412335,0,0.000412335,0.000412335,147:68;149:68,147:0.003373461193455607;149:0.011077669115463346,147:0.0028661603556866533;149:0.010414420891391635,0.005249023,Yes
149,74.04470918,5.293198858,0.041381836,0.049316406,0.033447266,1560,0.001496013,24,0.001496013,0,0.001496013,0.001496013,150:68;148:68,150:0.012577553064192754;148:0.011077669115463346,150:0.012085373323988041;148:0.010414420891391635,0.041381836,Yes
150,103.1366944,6.122697907,0.004882813,0.009277344,0.000488281,1560,0.000662246,24,0.000662246,0,0.000662246,0.000662246,149:68;151:68,149:0.012577553064192754;151:0.007187648715490047,149:0.012085373323988041;151:0.007957113486706968,0.004882813,Yes
151,94.25105539,121.1154379,0.013427734,0.019042969,0.0078125,1560,0.000183282,24,0.000183282,0,0.000183282,0.000183282,138:68;152:68;150:68,138:0.002311844599729357;152:0.0025593564590751516;150:0.007187648715490047,138:0.002473244811568298;152:0.002027230998311702;150:0.007957113486706968,0.013427734,Yes
152,144.0862929,164.9138287,0.008789063,0.015136719,0.002441406,1560,0.000302437,24,0.000302437,0,0.000302437,0.000302437,151:68;153:68,151:0.0025593564590751516;153:0.0025384471699978206,151:0.002027230998311702;153:0.0025062902440603496,0.008789063,Yes
153,132.7453125,55.67474296,0.012817383,0.013916016,0.01171875,1560,0.000245811,24,0.000245811,0,0.000245811,0.000245811,152:68;154:68,152:0.0025384471699978206;154:0.0018277712367315568,152:0.0025062902440603496;154:0.0022473858092965926,0.012817383,Yes
154,130.5682528,72.26243378,0.008422852,0.011962891,0.004882813,1560,0.00026647,24,0.00026647,0,0.00026647,0.00026647,153:68;155:68,153:0.0018277712367315568;155:0.0022862059296648585,153:0.0022473858092965926;155:0.0018368200326329687,0.008422852,Yes
155,212.1683753,16.11915415,0.010986328,0.012451172,0.009521484,1560,0.000276497,24,0.000276497,0,0.000276497,0.000276497,139:68;154:68,139:0.0028956999735867406;154:0.0022862059296648585,139:0.00283836472422766;154:0.0018368200326329687,0.010986328,Yes
